{
    "available_space": true,
    "id": "l",
    "size_max": 28.411450386047363,
    "size_mean": 7.96069875577601,
    "size_min": 2.0631818771362305,
    "total_size": 979.1659469604492
}