{
    "available_space": true,
    "size_max": 28.411450386047363,
    "size_mean": 7.96069875577601,
    "size_min": 2.0631818771362305,
    "total_size": 979.1659469604492,
    "video_list": {
        "'La Venganza De Maria' Rosendo Cantu Y Los Cadetes de Linares-JuYYtSl7vHI.mp4": {
            "size": 15.715145111083984
        },
        "(LETRA) El Refr\u00e1n - Natanael Cano Ft. Jes\u00fas Urquijo [2020]-vqycRiLhoXM.mp4": {
            "size": 7.453191757202148
        },
        "L'Arc~en~Ciel - Blurry Eyes (Sub Espa\u00f1ol)-2myT0HAygFc.mp4": {
            "size": 21.69912624359131
        },
        "L'Arc\uff5een\uff5eCiel\u300cDriver's High\u300d-Music Clip- [L'Arc\uff5een\uff5eCiel Selected 10]-bzuuxp7dsxQ.mp4": {
            "size": 20.981779098510742
        },
        "L'Imp\u00e9ratrice 'Agitations Tropicales'-er9q7YA5WyU.mp4": {
            "size": 26.776968002319336
        },
        "L'Imp\u00e9ratrice \u2014 SONATE PACIFIQUE-jiRUH9b33dA.mp4": {
            "size": 15.0123872756958
        },
        "L'Imp\u00e9ratrice \u2657 VOODOO (Live)-R7-v1slmarM.mp4": {
            "size": 24.812381744384766
        },
        "L'arc en ciel - Good Luck My Way-u1fRy346838.mp4": {
            "size": 20.244067192077637
        },
        "L'odi Social - La Fiesta Nazi-Onal-G2NX4YAr3iU.mp4": {
            "size": 3.477598190307617
        },
        "LA LADRONA_ - DIEGO VERDAGUER - 1981 (REMASTERIZADO)-vECYiQ14RVU.mp4": {
            "size": 12.496054649353027
        },
        "LA NAVE DEL OLVIDO - Jos\u00e9 Jos\u00e9 (LETRA)-M_Dk9demut0.mp4": {
            "size": 5.408753395080566
        },
        "LA PILARE\u00d1A - SAN JOSE DEL BRAVO-BNk1_ok4mNo.mp4": {
            "size": 5.763520240783691
        },
        "LITTLE RICHARD - Long Tall Sally _ Tutti Frutti (1956) HD Movie Clip-4u-ihWoRC4w.mp4": {
            "size": 21.853107452392578
        },
        "LOS ASES DE DURANGO  CUMBIA NORTE\u00d1A-cz75hGgZgxs.mp4": {
            "size": 17.979106903076172
        },
        "LOS CADETES DE LINARES  ' CARTA JUGADA '-8noa8uYf8lQ.mp4": {
            "size": 5.622616767883301
        },
        "LOS CADETES DE LINARES - PESCADORES DE ENSENADA-nh9OBULqkeo.mp4": {
            "size": 12.441349983215332
        },
        "LOS CADETES DE LINARES ASI ES MI CORAZON-UkC1lX9tbtc.mp4": {
            "size": 14.992191314697266
        },
        "LOS CADETES DE LINARES DE CHINA A BRAVO-DkaGBTfXlgg.mp4": {
            "size": 7.212554931640625
        },
        "LOS CADETES DE LINARES EL CARRIZO-uRZDwuwrh3I.mp4": {
            "size": 3.571425437927246
        },
        "LOS CADETES DE LINARES EL CUERO REMENDADO-lOox_EU9rXU.mp4": {
            "size": 2.9954795837402344
        },
        "LOS CADETES DE LINARES HOMERO DE LEON-IrlgN61-W00.mp4": {
            "size": 3.833685874938965
        },
        "LOS CADETES DE LINARES JAMAS ME OLVIDARAS-TO2ZFkku4ao.mp4": {
            "size": 7.748785018920898
        },
        "LOS CADETES DE LINARES LE PIDO AL CIELO-jErA78yuPss.mp4": {
            "size": 3.911701202392578
        },
        "LOS CADETES DE LINARES LLEVALE ESTA CARTA A ESTHER-P1SpC5CRgcQ.mp4": {
            "size": 3.999222755432129
        },
        "LOS CADETES DE LINARES POLONCHA POLKA-s9ClJLE16Rk.mp4": {
            "size": 2.9733028411865234
        },
        "LOS DOS AMIGOS (EN VIVO) - LOS CADETES DE LINARES-RqhVgam0kgE.mp4": {
            "size": 17.065711975097656
        },
        "LWB's House (The Remix)-iAi8VTkAs84.mp4": {
            "size": 6.547643661499023
        },
        "La Arrolladora Banda El Lim\u00f3n De Ren\u00e9 Camacho - Carita De Perd\u00f3n (Lyric Video)-8hf4HdVsWk8.mp4": {
            "size": 4.183262825012207
        },
        "La Cruz Negra-Los Cadetes De Linares-aMEu78ZVALs.mp4": {
            "size": 6.049798011779785
        },
        "La Familia Iskariote - Hay Ma\u00f1anas Que Es Mejor No Levantarse (Videoclip Oficial)-fzepstermSQ.mp4": {
            "size": 28.411450386047363
        },
        "La Firma - Por El Amor De Una Mujer (Feat. Ricky Mu\u00f1oz Intocable)-S96n5x1kp70.mp4": {
            "size": 16.226852416992188
        },
        "La Perra Vida - Estoy Cansado (Sessiones en Directo)-2C4lFM9aGVI.mp4": {
            "size": 28.340913772583008
        },
        "La Polla Records - Progreso y Ciencia-WYo71Z6TVYY.mp4": {
            "size": 4.707409858703613
        },
        "La Polla Records - Real Como La Vida Misma-nMP_uK6FJG8.mp4": {
            "size": 2.9664011001586914
        },
        "La Zona del Terror-9jtGPQjSsEM.mp4": {
            "size": 3.608661651611328
        },
        "La coyota - ozomonkey-m4eclaTpPe0.mp4": {
            "size": 10.575750350952148
        },
        "Laid Back - Highway Of Love-pQa8jASm5IA.mp4": {
            "size": 15.728074073791504
        },
        "Lalo Guerrero - Marihuana boogie-URBKVkaOoY0.mp4": {
            "size": 3.144926071166992
        },
        "Le Quattro Stagioni, The Four Seasons, Concertos for Violin, Strings and Cembalo, Op. 8,...-dNjFgU9urOM.mp4": {
            "size": 5.562440872192383
        },
        "Lehenbiziko Bala-mjJc9jP7TUs.mp4": {
            "size": 6.720829963684082
        },
        "Life is a song - sub espa\u00f1ol Patrick Park-htkDdw3KcgQ.mp4": {
            "size": 7.363227844238281
        },
        "Lil Peep - interlude (Official Audio)-dSZP3xXVKW8.mp4": {
            "size": 3.9768543243408203
        },
        "Lil Rob - Sorrow Street-Y6-RRsQbwQQ.mp4": {
            "size": 4.0181074142456055
        },
        "Lil Tjay - Top of My Game (Official Audio)-5SbpKO3jbJg.mp4": {
            "size": 3.4768409729003906
        },
        "Lila Downs - El Feo (En Vivo)-8UC25h70Lkc.mp4": {
            "size": 16.147127151489258
        },
        "Limp Bizkit - Indigo Flow (Three Dollar Bill Y'all $) [HQ]-LY8c3SlbtXI.mp4": {
            "size": 6.112957954406738
        },
        "Limp Bizkit - Intro (Three Dollar Bill Y'all $) [HQ]-sg_1Z0V3MnU.mp4": {
            "size": 2.0631818771362305
        },
        "Lo Peor De La Rumba - La Despedida-k7qaDQkKc-s.mp4": {
            "size": 21.71491241455078
        },
        "Los Amigos Invisibles - Mentiras (Video Oficial)-6g-qZIktAtc.mp4": {
            "size": 14.53828239440918
        },
        "Los Ases de Durango   ' Cumbiambera'-nKSVMptKgt8.mp4": {
            "size": 6.853677749633789
        },
        "Los Cadetes De Linares  la mosca prieta-ItWNOw2jT0E.mp4": {
            "size": 5.0985307693481445
        },
        "Los Cadetes De Linares - Libro Abierto-beFx-OdAYvc.mp4": {
            "size": 5.161118507385254
        },
        "Los Cadetes De Linares - No Hay Novedad (Video Oficial)-7gI3obA9b-U.mp4": {
            "size": 15.418865203857422
        },
        "Los Cadetes de Linares  'El Desquite'-f-E-35UZWRw.mp4": {
            "size": 5.788734436035156
        },
        "Los Cadetes de Linares  - El Fronterizo versi\u00f3n extendida   (Huapango)-4D_cMfiJsB8.mp4": {
            "size": 6.053305625915527
        },
        "Los Cadetes de Linares  El Media Noche.-vKfgM8JhX1A.mp4": {
            "size": 9.08076000213623
        },
        "Los Cadetes de Linares -  La Tregedia de Rosita-64CgKjWNGq0.mp4": {
            "size": 4.639924049377441
        },
        "Los Cadetes de Linares - 'No Hay Novedad' (Letra)-Z6fq6o_z53w.mp4": {
            "size": 7.504302978515625
        },
        "Los Cadetes de Linares - Caballo Alazan Lucero-o_jq5tqUcVQ.mp4": {
            "size": 4.195695877075195
        },
        "Los Cadetes de Linares - Como Le Hare-rZJbPDOB6Jk.mp4": {
            "size": 3.126969337463379
        },
        "Los Cadetes de Linares - Cosas del Ayer-SEmq32R-H90.mp4": {
            "size": 3.4477033615112305
        },
        "Los Cadetes de Linares - Cruel Incertidumbre-zzp5FjA3w7E.mp4": {
            "size": 10.70422649383545
        },